trial,testing,parameters,initial_deadline,final_deadline,net_reward,actions,success
1,False,"{'a': 0.5, 'e': 0.95}",25,0,-103.30881942944815,"{0: 16, 1: 1, 2: 6, 3: 1, 4: 1}",0
2,False,"{'a': 0.5, 'e': 0.8999999999999999}",20,0,-175.17559367274566,"{0: 12, 1: 0, 2: 3, 3: 2, 4: 3}",0
3,False,"{'a': 0.5, 'e': 0.8499999999999999}",25,0,-104.78338086837141,"{0: 16, 1: 1, 2: 6, 3: 1, 4: 1}",0
